year;index;address

2013;1045;judetul Cluj, municipiul Cluj-Napoca, Valea Fânatelor, nr. 34A
2013;1046;judetul Cluj, municipiul Cluj-Napoca, BaP.HASDEU, nr. 6
2013;1047;judetul Cluj, municipiul Cluj-Napoca, Strada Drumul Sfântul Ion, nr. 178,180
2013;1048;judetul Cluj, municipiul Cluj-Napoca, Strada Ionescu Tache, nr. 50
2013;1049;judetul Cluj, municipiul Cluj-Napoca, Strada Izvorului, nr. 2A
2013;1050;judetul Cluj, municipiul Cluj-Napoca, Strada Cibinului, nr. 1
2013;1051;judetul Cluj, municipiul Cluj-Napoca, SPERANTEI , nr. 10
2013;1052;judetul Cluj, municipiul Cluj-Napoca, Cernauti, nr. 17-21, bl. I
2013;1053;judetul Cluj, municipiul Cluj-Napoca, Strada Petrescu Cezar, nr. FN, bl. CORP 2
2013;1054;judetul Cluj, municipiul Cluj-Napoca, Cernauti, nr. 17-21, bl. H
2013;1055;judetul Cluj, municipiul Cluj-Napoca, Cernauti, nr. 17-21, bl. C
2013;1056;judetul Cluj, municipiul Cluj-Napoca, Cernauti, nr. 17-21, bl. G
2013;1057;judetul Cluj, municipiul Cluj-Napoca, Cernauti, nr. 17-21, bl. B
2013;1058;judetul Cluj, municipiul Cluj-Napoca, Cernauti, nr. 17-21, bl. F
2013;1059;judetul Cluj, municipiul Cluj-Napoca, Cernauti, nr. 17-21, bl. A
2013;1060;judetul Cluj, municipiul Cluj-Napoca, Strada Poteca Eufrosin, nr. 12
2013;1061;judetul Cluj, municipiul Cluj-Napoca, VINTULUI, nr. 5
2013;1062;judetul Cluj, municipiul Cluj-Napoca, LIPOVA , nr. 6
2013;1063;judetul Cluj, municipiul Cluj-Napoca, Almasului,, nr. 3, sc. 3, ap. 21
2013;1064;judetul Cluj, municipiul Cluj-Napoca, Colonie Faget, nr. FN
2013;1065;judetul Cluj, municipiul Cluj-Napoca, Strada Câmpului, nr. 67
2013;1066;judetul Cluj, municipiul Cluj-Napoca, Strada Branului, nr. 49a
2013;1067;judetul Cluj, municipiul Cluj-Napoca, Strada Ionescu Tache, nr. 2
2013;1068;judetul Cluj, municipiul Cluj-Napoca, Strada Pomet, nr. 3A
2013;1069;judetul Cluj, municipiul Cluj-Napoca, Alee Bizusa, nr. 6, sc. 2, et. PARTER, ap. 47
2013;1070;judetul Cluj, municipiul Cluj-Napoca, Strada Buzau, nr. 7, et. 4, ap. 17
2013;1071;judetul Cluj, municipiul Cluj-Napoca, Strada Bisericii Ortodoxe, nr. 8
2013;1072;judetul Cluj, municipiul Cluj-Napoca, Strada Grâului, nr. 1
2013;1073;judetul Cluj, municipiul Cluj-Napoca, Strada Dâmbovitei, nr. 47
2013;1074;judetul Cluj, municipiul Cluj-Napoca, str. Fantanele, nr. 7, et. parter, ap. 253
2013;1075;judetul Cluj, municipiul Cluj-Napoca, Aleea  NECTARULUI, nr. 11
2013;1076;judetul Cluj, municipiul Cluj-Napoca, Mircea ELIADE, nr. 42
2013;1077;judetul Cluj, municipiul Cluj-Napoca, CPT.IGNAT GRIGORE, nr. 48
2013;1078;judetul Cluj, municipiul Cluj-Napoca, AlbaSTRELELOR, nr. 1
2013;1079;judetul Cluj, municipiul Cluj-Napoca, AleEA TISA, nr. 6
2013;1080;judetul Cluj, municipiul Cluj-Napoca, Ioan buteanu, nr. 2
2013;1081;judetul Cluj, municipiul Cluj-Napoca, Alee Bologa Valeriu, nr. 3
2013;1082;judetul Cluj, municipiul Cluj-Napoca, Alee Scarilor
2013;1083;judetul Cluj, municipiul Cluj-Napoca, Strada Razboieni
2013;1084;judetul Cluj, municipiul Cluj-Napoca, Strada Barc I, nr. 57
2013;1085;judetul Cluj, municipiul Cluj-Napoca, Strada Bucuresti, nr. 81, ap. 1
2013;1086;judetul Cluj, municipiul Cluj-Napoca
2013;1087;judetul Cluj, municipiul Cluj-Napoca, Strada Kogalniceanu Mihail, nr. 3-5
2013;1088;judetul Cluj, municipiul Cluj-Napoca, Strada Constanta, nr. 12
2013;1089;judetul Cluj, municipiul Cluj-Napoca, Strada Pintea Viteazu, nr. 2G
2013;1090;judetul Cluj, municipiul Cluj-Napoca, Strada Branului, nr. 53
2013;1091;judetul Cluj, municipiul Cluj-Napoca, Strada Carmen Silva, nr. 12
2013;1092;judetul Cluj, municipiul Cluj-Napoca, Strada Carmen Silva, nr. 12A
2013;1093;judetul Cluj, municipiul Cluj-Napoca, Strada Brâncusi Constantin, nr. 93
2013;1094;judetul Cluj, municipiul Cluj-Napoca, Petre DULFU, nr. 4F PROV
2013;1095;judetul Cluj, municipiul Cluj-Napoca, Scortarilor , nr. 3, bl. D6, ap. 15
2013;1096;judetul Cluj, municipiul Cluj-Napoca, Sperantei, nr. 19
2013;1097;judetul Cluj, municipiul Cluj-Napoca, Strada Moricz Zsigmond, nr. 23
2013;1098;judetul Cluj, municipiul Cluj-Napoca, Strada Oasului, nr. 336E pr
2013;1099;judetul Cluj, municipiul Cluj-Napoca, Teilor, Strada, nr. 3
2013;1100;judetul Cluj, municipiul Cluj-Napoca, Strada Coposu Corneliu, nr. 35-37
2013;1101;judetul Cluj, municipiul Cluj-Napoca, Strada Gospodarilor, nr. 3
2013;1102;judetul Cluj, municipiul Cluj-Napoca, Strada Ionesco Eugen, nr. 49K
2013;1103;judetul Cluj, municipiul Cluj-Napoca, Strada Ionesco Eugen, nr. 49B
2013;1104;judetul Cluj, municipiul Cluj-Napoca, VESELIEI NR. 34 PROVIZORIU
2013;1105;judetul Cluj, municipiul Cluj-Napoca, Strada Odobesti, nr. 6
2013;1106;judetul Cluj, municipiul Cluj-Napoca, Strada Uliului, nr. 16
2013;1107;judetul Cluj, municipiul Cluj-Napoca, Strada Fagului, nr. 83
2013;1108;judetul Cluj, municipiul Cluj-Napoca, Strada Micu Klein Inocentiu, nr. 3, ap. 4
2013;1109;judetul Cluj, municipiul Cluj-Napoca, Strada Racovita Emil, nr. 28
2013;1110;judetul Cluj, municipiul Cluj-Napoca, Colonia Borhanci, nr. 72G pr
2013;1111;judetul Cluj, municipiul Cluj-Napoca, Strada Valea Chintaului, nr. 93 B PROV
2013;1112;judetul Cluj, municipiul Cluj-Napoca, AleEA TISA, nr. 4
2013;1113;judetul Cluj, municipiul Cluj-Napoca, Stefan cICIO POP, nr. 13
2013;1114;judetul Cluj, municipiul Cluj-Napoca, Strada Progresului, nr. 28-30
2013;1115;judetul Cluj, municipiul Cluj-Napoca, Cale Motilor, nr. 40
2013;1116;judetul Cluj, municipiul Cluj-Napoca, Strada Nadasel, nr. 67B
2013;1117;judetul Cluj, municipiul Cluj-Napoca, Strada 11 Octombrie, nr. 2
2013;1118;judetul Cluj, municipiul Cluj-Napoca, Bulevard 21 Decembrie 1989, nr. 148
2013;1119;judetul Cluj, municipiul Cluj-Napoca, ErKEL FERENC, nr. 10
2013;1120;judetul Cluj, municipiul Cluj-Napoca, Strada Vladeasa, nr. 4D
2013;1121;judetul Cluj, municipiul Cluj-Napoca, Strada Suceava, nr. 32
2013;1122;judetul Cluj, municipiul Cluj-Napoca, Strada Barc II, nr. 27A
2013;1123;judetul Cluj, municipiul Cluj-Napoca, ION BUTEANU, nr. 2A
2013;1124;judetul Cluj, municipiul Cluj-Napoca, Strada Fabricii de Zahar, nr. 56
2013;1125;judetul Cluj, municipiul Cluj-Napoca, Strada Cosasilor, nr. 39
2013;1126;judetul Cluj, municipiul Cluj-Napoca, Antim Ivireanu, nr. 1-3
2013;1127;judetul Cluj, municipiul Cluj-Napoca, Strada Vasile Lupu, nr. 48
2013;1128;judetul Cluj, municipiul Cluj-Napoca, Strada Valea Chintaului, nr. FN
2013;1129;judetul Cluj, municipiul Cluj-Napoca, Strada Universitatii, nr. 3
2013;1130;judetul Cluj, municipiul Cluj-Napoca, Strada Margineanu Nicolae, profesor, nr. 54A
2013;1131;judetul Cluj, municipiul Cluj-Napoca, Strada Câmpului, nr. 239
2013;1132;judetul Cluj, municipiul Cluj-Napoca, Strada Davila Carol, nr. 12
2013;1133;judetul Cluj, municipiul Cluj-Napoca, Strada Macesului, nr. 51
2013;1134;judetul Cluj, municipiul Cluj-Napoca, NicoLAE COLAN, nr. 5
2013;1135;judetul Cluj, municipiul Cluj-Napoca, NicoLAE COLAN , nr. 3
2013;1136;judetul Cluj, municipiul Cluj-Napoca, NICOLAE COLAN NR.1
2013;1137;judetul Cluj, municipiul Cluj-Napoca, NicoLAE COLAN, nr. 7
2013;1138;judetul Cluj, municipiul Cluj-Napoca, Strada Spicului, nr. 33
2013;1139;judetul Cluj, municipiul Cluj-Napoca, MÃCEŞULUI   NR.64 A
2013;1140;judetul Cluj, municipiul Cluj-Napoca, Strada Felea Victor, nr. 17
2013;1141;judetul Cluj, municipiul Cluj-Napoca, Fagetului , nr. FN
2013;1142;judetul Cluj, municipiul Cluj-Napoca, Sergiu Celibidache, nr. 15
2013;1143;judetul Cluj, municipiul Cluj-Napoca, Strada Fluerasului, nr. 2
2013;1144;judetul Cluj, municipiul Cluj-Napoca, AleEA BORSEC, nr. 4, ap. 48
2013;1145;judetul Cluj, municipiul Cluj-Napoca, Strada Plevnei, nr. 151A
2013;1146;judetul Cluj, municipiul Cluj-Napoca, Bulevard Muncii, nr. 1-15
2013;1147;judetul Cluj, municipiul Cluj-Napoca, Cale Turzii, nr. 2-14
2013;1148;judetul Cluj, municipiul Cluj-Napoca, Strada Republicii, nr. 110
2013;1149;judetul Cluj, municipiul Cluj-Napoca, Strada Paris, nr. 12
2013;1150;judetul Cluj, municipiul Cluj-Napoca, Sebastian Bornemisa, nr. 4
2013;1151;judetul Cluj, municipiul Cluj-Napoca, Henri Barbusse, nr. 3-5
2013;1152;judetul Cluj, municipiul Cluj-Napoca, Dornei, nr. 2
2013;1153;judetul Cluj, municipiul Cluj-Napoca, Strada Bratianu Ion I. C., nr. 3
2013;1154;judetul Cluj, municipiul Cluj-Napoca, PREDEAL  FN
2013;1155;judetul Cluj, municipiul Cluj-Napoca, Strada Maramuresului, nr. 151A
2013;1156;judetul Cluj, municipiul Cluj-Napoca, Strada Macesului, nr. 68
2013;1157;judetul Cluj, municipiul Cluj-Napoca, Strada Macesului, nr. 82
2013;1158;judetul Cluj, municipiul Cluj-Napoca, Piata 1 Mai, nr. 4-5
2013;1159;judetul Cluj, municipiul Cluj-Napoca, A.D. XENOPOL  NR.
2013;1160;judetul Cluj, municipiul Cluj-Napoca, Strada Celibidache Sergiu, nr. 2
2013;1161;judetul Cluj, municipiul Cluj-Napoca, Bulevard 1 Decembrie 1918, nr. 41
2013;1162;judetul Cluj, municipiul Cluj-Napoca, Cernauti, nr. 17-21, bl. E
2013;1163;judetul Cluj, municipiul Cluj-Napoca, Strada Spicului, nr. 33
2013;1164;judetul Cluj, municipiul Cluj-Napoca,  CERNÃUŢI NR. 17-21 CORP D
2013;1165;judetul Cluj, municipiul Cluj-Napoca, Strada Ladea Romul, nr. 76
2013;1166;judetul Cluj, municipiul Cluj-Napoca, Strada Ladea Romul, nr. 78
2013;1167;judetul Cluj, municipiul Cluj-Napoca
2013;1168;judetul Cluj, municipiul Cluj-Napoca
2013;1169;judetul Cluj, municipiul Cluj-Napoca, Strada Mozart Wolfgang Amadeus, nr. 12-14
2013;1170;judetul Cluj, municipiul Cluj-Napoca, Strada Trifoiului, nr. 23A
2013;1171;judetul Cluj, municipiul Cluj-Napoca, Strada Golescu Dinicu, nr. 10
2013;1172;judetul Cluj, municipiul Cluj-Napoca, Strada Porumbeilor, nr. 29, ap. 5,6
2013;1173;judetul Cluj, municipiul Cluj-Napoca, Strada Aiudului, nr. 48
2013;1174;judetul Cluj, municipiul Cluj-Napoca, CPT.GRIGORE IGNAT, nr. 99
2013;1175;judetul Cluj, municipiul Cluj-Napoca, Strada Alecsandri Vasile, nr. 7, ap. 4
2013;1176;judetul Cluj, municipiul Cluj-Napoca, Strada Porumbescu Ciprian, nr. 25
2013;1177;judetul Cluj, municipiul Cluj-Napoca, Eftimie Murgu, nr. 20
2013;1178;judetul Cluj, municipiul Cluj-Napoca, Strada Baia Mare, nr. 38
2013;1179;judetul Cluj, municipiul Cluj-Napoca, Isac Emil, Strada, nr. 4
2013;1180;judetul Cluj, municipiul Cluj-Napoca, Strada Racovita Emil, nr. 23
2013;1181;judetul Cluj, municipiul Cluj-Napoca, Strada Nasaud, nr. 2A
2013;1182;judetul Cluj, municipiul Cluj-Napoca, Bulevard 21 Decembrie 1989, nr. 79
2013;1183;judetul Cluj, municipiul Cluj-Napoca, Strada Mehedinti, nr. 5, bl. L1
2013;1184;judetul Cluj, municipiul Cluj-Napoca, AL. VAIDA VOIEVOD NR. 53-55
2013;1185;judetul Cluj, municipiul Cluj-Napoca, PiatA LUCIAN BLAGA, nr. 2, ap. 77
2013;1186;judetul Cluj, municipiul Cluj-Napoca, ZoNA PATA RAT
2013;1187;judetul Cluj, municipiul Cluj-Napoca, Cale Manastur, nr. 76, bl. E2
2013;1188;judetul Cluj, municipiul Cluj-Napoca, Pata RAT, nr. FN
2013;1189;judetul Cluj, municipiul Cluj-Napoca, Strada Tebei, nr. 16
2013;1190; STRAZILE : AVRAM IANCU, IC BRATIANU, MEMORANDUMULUI SI CALEA MOTILOR
2013;1191;judetul Cluj, municipiul Cluj-Napoca, Strada Migdalului, nr. 1-3
2013;1192;judetul Cluj, municipiul Cluj-Napoca, Strada Mehedinti, nr. 17, ap. 88
2013;1193;judetul Cluj, municipiul Cluj-Napoca, I P. Reteganu, nr. 25
2013;1194;judetul Cluj, municipiul Cluj-Napoca, Grigore alexandrescu, nr. 17, bl. t3
2013;1195;judetul Cluj, municipiul Cluj-Napoca, Parng, nr. 1, bl. A4
2013;1196;judetul Cluj, municipiul Cluj-Napoca, Strada 13 Septembrie, nr. 12, bl. EM
2013;1197;judetul Cluj, municipiul Cluj-Napoca, Grigore ALEXANDRESCU, nr. 18, bl. A5
2013;1198;judetul Cluj, municipiul Cluj-Napoca, Colonia BORHANCI, nr. 72H
2013;1199;judetul Cluj, municipiul Cluj-Napoca, Strada Constanta, nr. 6
2013;1200;judetul Cluj, municipiul Cluj-Napoca, Strada Oasului, nr. 319 D
2013;1201;judetul Cluj, municipiul Cluj-Napoca, Victor Papilian, nr. 30
2013;1202;judetul Cluj, municipiul Cluj-Napoca, Strada Ariesului, nr. 5
2013;1203;judetul Cluj, municipiul Cluj-Napoca, Alee Detunata, nr. 1
2013;1204;judetul Cluj, municipiul Cluj-Napoca, Stefan LUCHIAN, nr. 1
2013;1205;judetul Cluj, municipiul Cluj-Napoca, C-TIN DOBROGEANU GHEREA, nr. 16, ap. 7
2013;1206;judetul Cluj, municipiul Cluj-Napoca, Strada Vaida Voevod Alexandru, nr. 35
2013;1207;judetul Cluj, municipiul Cluj-Napoca, ALEEA AZUGA  NR. 9  BL. FIV-3
2013;1208;judetul Cluj, municipiul Cluj-Napoca, Metes Stefan si Campului  , nr. 1,225
2013;1209;judetul Cluj, municipiul Cluj-Napoca, ArgINTULUI, nr. 8 SI 10
2013;1210;judetul Cluj, municipiul Cluj-Napoca, Strada Miko Imre
2013;1211;judetul Cluj, municipiul Cluj-Napoca, Strada Murgu Eftimie, nr. 21
2013;1212;judetul Cluj, municipiul Cluj-Napoca, Strada Baritiu George, nr. 25
2013;1213;judetul Cluj, municipiul Cluj-Napoca, Bulevard 21 Decembrie 1989, nr. 17, ap. 6
2013;1214;judetul Cluj, municipiul Cluj-Napoca, PaKEI LAJOS, nr. 9
2013;1215;judetul Cluj, municipiul Cluj-Napoca, Strada Barc I, nr. 12A
2013;1216;judetul Cluj, municipiul Cluj-Napoca, Strada Laterala, nr. 16
2013;1217;judetul Cluj, municipiul Cluj-Napoca, Cale Dorobantilor, nr. 95, ap. 47
2013;1218;judetul Cluj, municipiul Cluj-Napoca, Strada Odobesti, nr. 6
2013;1219;judetul Cluj, municipiul Cluj-Napoca, AurEL VLAICU, nr. 8, ap. 68
2013;1220;judetul Cluj, municipiul Cluj-Napoca, ReNE DESCARTES, nr. 19
2013;1221;judetul Cluj, municipiul Cluj-Napoca, SebESULUI, nr. 5
2013;1222;judetul Cluj, municipiul Cluj-Napoca, Strada Regele Ferdinand, nr. 30, ap. 11
2013;1223;judetul Cluj, municipiul Cluj-Napoca, TOMASI ARON, nr. 6-8
2013;1224;judetul Cluj, municipiul Cluj-Napoca, Strada Câmpului, nr. 309
2013;1225;judetul Cluj, municipiul Cluj-Napoca, CalEA SOMESENI, nr. 4A
2013;1226;judetul Cluj, municipiul Cluj-Napoca, Strada Aiudului, nr. 54
2013;1227;judetul Cluj, municipiul Cluj-Napoca, Strada Horea, nr. 28-30
2013;1228;judetul Cluj, municipiul Cluj-Napoca, Strada Viile Nadasel, nr. 38A
2013;1229;judetul Cluj, municipiul Cluj-Napoca, b-dul Eroilor, nr. 35, ap. 13
2013;1230;judetul Cluj, municipiul Cluj-Napoca, Strada Jiului, nr. 1
2013;1231;judetul Cluj, municipiul Cluj-Napoca, Strada Calarasi, nr. 1
2013;1232;judetul Cluj, municipiul Cluj-Napoca, Strada Câmpului, nr. 107
2013;1233;judetul Cluj, municipiul Cluj-Napoca, Strada Ploiesti, nr. 1, ap. 1/2
2013;1234;judetul Cluj, municipiul Cluj-Napoca, Strada Zamfirescu Duiliu, nr. 5
2013;1235;judetul Cluj, municipiul Cluj-Napoca, Croitorilor , nr. 11
2013;1236;judetul Cluj, municipiul Cluj-Napoca, Strada Minerilor, nr. 44
2013;1237;judetul Cluj, municipiul Cluj-Napoca, EUGEN IONESCO, nr. 106 E
2013;1238;judetul Cluj, municipiul Cluj-Napoca, EUGEN IONESCO, nr. 106 D
2013;1239;judetul Cluj, municipiul Cluj-Napoca, Strada Kos Karoly, nr. 19
2013;1240;judetul Cluj, municipiul Cluj-Napoca, ViCTOR PAPILIAN, nr. 15
2013;1241;judetul Cluj, municipiul Cluj-Napoca, Strada Oasului, nr. 340 J
2013;1242;judetul Cluj, municipiul Cluj-Napoca, Strada Moricz Zsigmond, nr. FN
2013;1243;judetul Cluj, municipiul Cluj-Napoca, Strada Roosevelt Franklin Delano, nr. 2
2013;1244;judetul Cluj, municipiul Cluj-Napoca, Strada Croitorilor
2013;1245;judetul Cluj, municipiul Cluj-Napoca, EmiL RACOVITA, nr. 51
2013;1246;judetul Cluj, municipiul Cluj-Napoca, Alexandru vaida voievod, nr. 4
2013;1247;judetul Cluj, municipiul Cluj-Napoca, Strada Antipa Grigore, nr. 6-8
2013;1248;judetul Cluj, municipiul Cluj-Napoca, Strada Antipa Grigore, nr. 16
2013;1249;judetul Cluj, municipiul Cluj-Napoca, Voronet, nr. 6
2013;1250;judetul Cluj, municipiul Cluj-Napoca, Al. Vlahuta, nr. 28
2013;1251;judetul Cluj, municipiul Cluj-Napoca, Strada Dropiei
2013;1252;judetul Cluj, municipiul Cluj-Napoca, Piata Avram Iancu, nr. 26-28
2013;1253;judetul Cluj, municipiul Cluj-Napoca
2013;1254;judetul Cluj, municipiul Cluj-Napoca
2013;1255;judetul Cluj, municipiul Cluj-Napoca
2013;1256;judetul Cluj, municipiul Cluj-Napoca
2013;1257;judetul Cluj, municipiul Cluj-Napoca, Colonie Faget, nr. 19E
2013;1258;judetul Cluj, municipiul Cluj-Napoca, Plevnei , nr. 136
2013;1259;judetul Cluj, municipiul Cluj-Napoca, Strada Sarmisegetuza, nr. 17-19-21
2013;1260;judetul Cluj, municipiul Cluj-Napoca, Ioan Buteanu, nr. 7prov
2013;1261;judetul Cluj, municipiul Cluj-Napoca, GhEORGHE DOJA, nr. 37
2013;1262;judetul Cluj, municipiul Cluj-Napoca, NecTARULUI, nr. 7
2013;1263;judetul Cluj, municipiul Cluj-Napoca, Cale Motilor, nr. 62
2013;1264;judetul Cluj, municipiul Cluj-Napoca, Strada Pastorului, nr. FN
2013;1265;judetul Cluj, municipiul Cluj-Napoca, Strada Negoitescu Ion, nr. 9B
2013;1266;judetul Cluj, municipiul Cluj-Napoca,  VALEA Fânatelor, , nr. 34B
2013;1267;judetul Cluj, municipiul Cluj-Napoca, Poteca Eufrosin,Strada, nr. 17A
2013;1268;judetul Cluj, municipiul Cluj-Napoca, Poteca Eufrosin, Strada, nr. 19
2013;1269;judetul Cluj, municipiul Cluj-Napoca, Padurii, Strada, nr. 25
2013;1270;judetul Cluj, municipiul Cluj-Napoca, Strada Senina, nr. 17II
2013;1271;judetul Cluj, municipiul Cluj-Napoca, VOIEVODUL GELU  NR. 25
2013;1272;judetul Cluj, municipiul Cluj-Napoca
2013;1273;judetul Cluj, municipiul Cluj-Napoca, Calea Turzii, nr. 188C
2013;1274;judetul Cluj, municipiul Cluj-Napoca, Strada Nadasel, nr. 66
2013;1275;judetul Cluj, municipiul Cluj-Napoca, Strada Gorunului, nr. 4, ap. 1
2013;1276;judetul Cluj, municipiul Cluj-Napoca, Teodor Mihali, nr. 53
2013;1277;judetul Cluj, municipiul Cluj-Napoca, Strada Bibescu George Valentin, nr. 30p
2013;1278;judetul Cluj, municipiul Cluj-Napoca, Strada Câmpului, nr. 171
2013;1279;judetul Cluj, municipiul Cluj-Napoca, Aviator Badescu, nr. 50
2013;1280;judetul Cluj, municipiul Cluj-Napoca, Strada Uliului, nr. 106
2013;1281;judetul Cluj, municipiul Cluj-Napoca, Bulevard 21 Decembrie 1989, nr. 37
2013;1282;judetul Cluj, municipiul Cluj-Napoca, Strada Malinului, nr. 6
2013;1283;judetul Cluj, municipiul Cluj-Napoca, M. KALMAN, nr. 52A
2013;1285;judetul Cluj, municipiul Cluj-Napoca, 310.653
2013;1286;judetul Cluj, municipiul Cluj-Napoca, Strada Barbusse Henri, nr. 44-46
2013;1287;judetul Cluj, municipiul Cluj-Napoca, AbV.VOEVOD, nr. 53
2013;1288;judetul Cluj, municipiul Cluj-Napoca, Strada Memorandumului, nr. 12, ap. 7si 8
2013;1289;judetul Cluj, municipiul Cluj-Napoca, Strada Golescu Dinicu, nr. 8
2013;1290;judetul Cluj, municipiul Cluj-Napoca, Strada Descartes René, nr. 42
2013;1291;judetul Cluj, municipiul Cluj-Napoca, Strada Antipa Grigore, nr. 7
2013;1292;judetul Cluj, municipiul Cluj-Napoca, Strada Sobarilor, nr. 38
2013;1293;judetul Cluj, municipiul Cluj-Napoca, Colonia BORHANCI, nr. 5E PROV.
2013;1294;judetul Cluj, municipiul Cluj-Napoca, MÃCEŞULUI  NR. 55
2013;1295;judetul Cluj, municipiul Cluj-Napoca, Macesului, Strada, nr. 76
2013;1296;judetul Cluj, municipiul Cluj-Napoca, Strada Macesului, nr. 72A
2013;1297;judetul Cluj, municipiul Cluj-Napoca, Strada Mihalache Ion, nr. 8
2013;1298;judetul Cluj, municipiul Cluj-Napoca, Muncii, Bulevard, nr. 18
2013;1299;judetul Cluj, municipiul Cluj-Napoca, Manastur, Cale, nr. 2-6
2013;1300;judetul Cluj, municipiul Cluj-Napoca, Strada Padurii, nr. 25A
2013;1301;judetul Cluj, municipiul Cluj-Napoca, ArgINTULUI, nr. 6
2013;1302;judetul Cluj, municipiul Cluj-Napoca, Macesului, Strada, nr. 3
2013;1303;judetul Cluj, municipiul Cluj-Napoca, Strada Stejarului, nr. 2-2A
2013;1304;judetul Cluj, municipiul Cluj-Napoca, BISERICII SF. TOMA NR. 2
2013;1305;judetul Cluj, municipiul Cluj-Napoca, Fagetului, nr. 32
2013;1306;judetul Cluj, municipiul Cluj-Napoca, Strada Mesterul Manole, nr. 13
2013;1307;judetul Cluj, municipiul Cluj-Napoca, W.J. GOTHE NR. 15
2013;1308;judetul Cluj, municipiul Cluj-Napoca, Strada Xenopol Alexandru D., nr. 6
2013;1309;judetul Cluj, municipiul Cluj-Napoca, Radu STANCA , nr. 4B
2013;1310;judetul Cluj, municipiul Cluj-Napoca, Strada Odobesti, nr. 2 LOT 2G
2013;1311;judetul Cluj, municipiul Cluj-Napoca, TUDOR MUŞATESCU , nr. 6
2013;1312;judetul Cluj, municipiul Cluj-Napoca, Strada Dunarii, nr. 146II
2013;1313;judetul Cluj, municipiul Cluj-Napoca, Strada Pallady Theodor, nr. 2P
2013;1314;judetul Cluj, municipiul Cluj-Napoca, Strada Ponorului, nr. 2
2013;1315;judetul Cluj, municipiul Cluj-Napoca, Strada Antipa Grigore, nr. 9
2013;1316;judetul Cluj, municipiul Cluj-Napoca, Strada Sportului, nr. 22
2013;1317;judetul Cluj, municipiul Cluj-Napoca, Strada Vuia Romulus, nr. 46
2013;1318;judetul Cluj, municipiul Cluj-Napoca, Strada Milcov, nr. 20-20A
2013;1319;judetul Cluj, municipiul Cluj-Napoca
2013;1320;judetul Cluj, municipiul Cluj-Napoca, PiatA MIHAI VITEAZU, nr. 3-4, ap. 13/2
2013;1321;judetul Cluj, municipiul Cluj-Napoca, Strada Fagetului, nr. FN
2013;1322;judetul Cluj, municipiul Cluj-Napoca, AurEL GURGHIANU, nr. 7
2013;1323;judetul Cluj, municipiul Cluj-Napoca, Strada Borhanciului, nr. 11 B
2013;1324;judetul Cluj, municipiul Cluj-Napoca, Strada Mogosoaia, nr. 7, et. 2, ap. 5
2013;1325;judetul Cluj, municipiul Cluj-Napoca, Haller KAROLY, nr. 2
2013;1326;judetul Cluj, municipiul Cluj-Napoca, Strada Dunarii, nr. 20
2013;1327;judetul Cluj, municipiul Cluj-Napoca, Strada Razboieni, nr. 57
2013;1328;judetul Cluj, municipiul Cluj-Napoca, APAHIDA, nr. 2
2013;1329;judetul Cluj, municipiul Cluj-Napoca, apahida, nr. 2
2013;1330;judetul Cluj, municipiul Cluj-Napoca, Strada Donath
2013;1331;judetul Cluj, municipiul Cluj-Napoca, Motilor, nr. 1-3
2013;1332;judetul Cluj, municipiul Cluj-Napoca,  Aleea Tisa şi str. Zăvoiului
2013;1333;judetul Cluj, municipiul Cluj-Napoca, Bulevard Eroilor, nr. 16, ap. 3
2013;1334;judetul Cluj, municipiul Cluj-Napoca, Macesului, Strada, nr. 13-15
2013;1335;judetul Cluj, municipiul Cluj-Napoca, Strada Fabricii, nr. 147-147A
2013;1336;judetul Cluj, municipiul Cluj-Napoca, Strada Cojocnei, nr. 11-13
2013;1337;judetul Cluj, municipiul Cluj-Napoca, Strada Dunarii, nr. 176
2013;1338;judetul Cluj, municipiul Cluj-Napoca, Mircea zaciu, nr. 28
2013;1339;judetul Cluj, municipiul Cluj-Napoca, Bratianu Ion I. C., Strada, nr. 41-43
2013;1340;judetul Cluj, municipiul Cluj-Napoca, Dinicu Golescu, nr. 6A
2013;1341;judetul Cluj, municipiul Cluj-Napoca, S.CELIBIDACHE
2013;1342;judetul Cluj, municipiul Cluj-Napoca, Iacob bologa, nr. 5/A
2013;1343;judetul Cluj, municipiul Cluj-Napoca, Iacob bologa, nr. 5/A
2013;1344;judetul Cluj, municipiul Cluj-Napoca, Cale Manastur, nr. 3-5
2013;1345;judetul Cluj, municipiul Cluj-Napoca, NICOLAE CORCHES , nr. 18
2013;1346;judetul Cluj, municipiul Cluj-Napoca, Strada Marinescu Gheorghe, profesor, nr. 20
2013;1347;judetul Cluj, municipiul Cluj-Napoca, tudor arghezi, nr. 19 prov
2013;1348;judetul Cluj, municipiul Cluj-Napoca, CALEA BACIULUI, nr. 2-4
2013;1349;judetul Cluj, municipiul Cluj-Napoca, Strada Maramuresului, nr. 100
2013;1350;judetul Cluj, municipiul Cluj-Napoca, Strada Teleorman, nr. 61
2013;1351;judetul Cluj, municipiul Cluj-Napoca, Colonia Becas, nr. 19E
2013;1353;judetul Cluj, municipiul Cluj-Napoca, P-TA ABATOR nr. 8-12 ap.24
2013;1354;judetul Cluj, municipiul Cluj-Napoca, Strada Oasului, nr. 344
2013;1355;judetul Cluj, municipiul Cluj-Napoca, Strada Predeal, nr. 40I
2013;1356;judetul Cluj, municipiul Cluj-Napoca, Bulevard 21 Decembrie 1989, nr. 1
2013;1357;judetul Cluj, municipiul Cluj-Napoca, Stefan LUCHIAN, nr. 2
2013;1358;judetul Cluj, municipiul Cluj-Napoca, Maniu Iuliu, Strada, nr. 5
2013;1359;judetul Cluj, municipiul Cluj-Napoca, Aleea Tisa  nr.26
2013;1360;judetul Cluj, municipiul Cluj-Napoca, Petre DULFU , nr. 11 PROV.
2013;1361;judetul Cluj, municipiul Cluj-Napoca, DUNÃRII  , nr. 172B provizoriu
2013;1362;judetul Cluj, municipiul Cluj-Napoca, Strada Garii, nr. 21
2013;1363;judetul Cluj, municipiul Cluj-Napoca
2013;1364;judetul Cluj, municipiul Cluj-Napoca, Strada Traian, nr. 2-4
2013;1365;judetul Cluj, municipiul Cluj-Napoca, Vuia Traian, Cale, nr. 190
2013;1366;judetul Cluj, municipiul Cluj-Napoca, VORONET, nr. 23 provizoriu
2013;1367;judetul Cluj, municipiul Cluj-Napoca, Strada Ionesco Eugen, nr. 47D provizoriu
2013;1368;judetul Cluj, municipiul Cluj-Napoca, Strada Huedinului, nr. 11
2013;1369;judetul Cluj, municipiul Cluj-Napoca, Fagetului, nr. FN
2013;1370;judetul Cluj, municipiul Cluj-Napoca, Strada Bibescu George Valentin, nr. 41
2013;1371;judetul Cluj, municipiul Cluj-Napoca, Strada Kovari László, nr. 23, ap. 2
2013;1372;judetul Cluj, municipiul Cluj-Napoca, TRAMBITASULUI , nr. 17
2013;1373;judetul Cluj, municipiul Cluj-Napoca, nr. 22 prov
2013;1374;judetul Cluj, municipiul Cluj-Napoca, Dionisie Roman, nr. 1
2013;1375;judetul Cluj, municipiul Cluj-Napoca, Bulevard Muncii, nr. 16
2013;1376;judetul Cluj, municipiul Cluj-Napoca, PARIS, nr. 41-43, ap. 2 SI 3
2013;1377;judetul Cluj, municipiul Cluj-Napoca, Romulus Vuia, nr. 48
2013;1378;judetul Cluj, municipiul Cluj-Napoca, Cuza Voda, Strada, nr. 16
2013;1379;judetul Cluj, municipiul Cluj-Napoca, str. Donath, bl. V, sc. B, et. P, ap. 22
2013;1380;judetul Cluj, municipiul Cluj-Napoca, B-dul 21 Decembrie 1989, nr. 41
2013;1381;judetul Cluj, municipiul Cluj-Napoca, dinicu golescu, nr. 6
2013;1382;judetul Cluj, municipiul Cluj-Napoca, Strada Gorunului, nr. 24, ap. 3
2013;1383;judetul Cluj, municipiul Cluj-Napoca, Mircea Zaciu, nr. 30
2013;1384;judetul Cluj, municipiul Cluj-Napoca, Strada Codrului, nr. 34 c
2013;1385;judetul Cluj, municipiul Cluj-Napoca, Strada Scortarilor, nr. 11, sc. 1, et. p, ap. 2
2013;1386;judetul Cluj, municipiul Cluj-Napoca, Strada Câmpului, nr. 41
2013;1387;judetul Cluj, municipiul Cluj-Napoca, Mircea zaciu, nr. 26
2013;1388;judetul Cluj, municipiul Cluj-Napoca, Viile Nadasel, Strada
2013;1389;judetul Cluj, municipiul Cluj-Napoca, STR. General Traian Moşoiu nr. 52 Corp 1  apt.1
2013;1390;judetul Cluj, municipiul Cluj-Napoca, Strada Valea Chintaului, nr. 93A,93B
2013;1391;judetul Cluj, municipiul Cluj-Napoca, Strada Oasului, nr. 86-90, ap. 173
2013;1392;judetul Cluj, municipiul Cluj-Napoca, Regina Maria, nr. 19B
2013;1393;judetul Cluj, municipiul Cluj-Napoca, Strada Abrudului, nr. 11A-13
2013;1394;judetul Cluj, municipiul Cluj-Napoca, Strada Vlaicu Aurel, nr. 160
2013;1395;judetul Cluj, municipiul Cluj-Napoca, Strada Eliade Mircea, nr. 38F
2013;1396;judetul Cluj, municipiul Cluj-Napoca, Strada Macesului, nr. 13-15
2013;1397;judetul Cluj, municipiul Cluj-Napoca, Antim Ivireanu, , nr. 2-4
2013;1398;judetul Cluj, municipiul Cluj-Napoca, Strada Barbu Patriciu, nr. 43
2013;1399;judetul Cluj, municipiul Cluj-Napoca, Strada Voievodul Gelu, nr. 12-14
2013;1400;judetul Cluj, municipiul Cluj-Napoca, Strada Observatorului, nr. 109, et. parter, ap. 63,64
2013;1401;judetul Cluj, municipiul Cluj-Napoca, Strada Borhanciului, nr. 37 PROV.
2013;1402;judetul Cluj, municipiul Cluj-Napoca, BORHANCIULUI, nr. 37 PROV
2013;1403;judetul Cluj, municipiul Cluj-Napoca, Ana Aslan, nr. 51-61 pr
2013;1404;judetul Cluj, municipiul Cluj-Napoca, Strada Iancu Jianu, nr. 8
2013;1405;judetul Cluj, municipiul Cluj-Napoca, Strada Rasaritului, nr. 73
2013;1406;judetul Cluj, municipiul Cluj-Napoca, Strada Lombului, nr. 14
2013;1407;judetul Cluj, municipiul Cluj-Napoca, Dezmirului, nr. 6
2013;1408;judetul Cluj, municipiul Cluj-Napoca, Strada Plopilor, nr. 58, bl. P14, sc. 2, et. P, ap. 28
2013;1409;judetul Cluj, municipiul Cluj-Napoca, Strada Venus, nr. 22
2013;1410;judetul Cluj, municipiul Cluj-Napoca, FREZIEI, nr. 2A
2013;1411;judetul Cluj, municipiul Cluj-Napoca, Strada Macesului, nr. 78
2013;1412;judetul Cluj, municipiul Cluj-Napoca, Strada Dacia, nr. 5-7-9
2013;1413;judetul Cluj, municipiul Cluj-Napoca, LUMINII, nr. 5
2013;1414;judetul Cluj, municipiul Cluj-Napoca, Strada Fagetului, nr. 5H
2013;1415;judetul Cluj, municipiul Cluj-Napoca
2013;1416;judetul Cluj, municipiul Cluj-Napoca, Strada Partizanilor, nr. 112a
2013;1417;judetul Cluj, municipiul Cluj-Napoca, Strada Moldovan Iuliu, nr. 15
2013;1418;judetul Cluj, municipiul Cluj-Napoca, Piata Baba Novac, nr. 20 , et. M, ap. 6
2013;1419;judetul Cluj, municipiul Cluj-Napoca, CARIEREI , nr. 1-11
2013;1420;judetul Cluj, municipiul Cluj-Napoca, Neculce Ion, Strada, nr. 24
2013;1421;judetul Cluj, municipiul Cluj-Napoca, Strada Vaida Voevod Alexandru, nr. 53-55
2013;1422;judetul Cluj, municipiul Cluj-Napoca
2013;1423;judetul Cluj, municipiul Cluj-Napoca
2013;1424;judetul Cluj, municipiul Cluj-Napoca
2013;1425;judetul Cluj, municipiul Cluj-Napoca
2013;1426;judetul Cluj, municipiul Cluj-Napoca
2013;1427;judetul Cluj, municipiul Cluj-Napoca, VENUS, nr. 22
2013;1428;judetul Cluj, municipiul Cluj-Napoca, Foisorului , nr. 17
2013;1430;judetul Cluj, municipiul Cluj-Napoca, Timisoareii
2013;1431;judetul Cluj, municipiul Cluj-Napoca, gh.Dima, nr. 1-13
2013;1432;judetul Cluj, municipiul Cluj-Napoca, Strada Muresului, nr. 54, ap. 32
2013;1433;judetul Cluj, municipiul Cluj-Napoca, Voronet, nr. 26 prov
2013;1434;judetul Cluj, municipiul Cluj-Napoca, Strada Bancila Octav, nr. 43A,43B
2013;1435;judetul Cluj, municipiul Cluj-Napoca, Strada Valea Seaca, nr. 11A
2013;1436;judetul Cluj, municipiul Cluj-Napoca, Strada Dârjan Traian, aviator, nr. 9
2013;1437;judetul Cluj, municipiul Cluj-Napoca, Uliului, Strada, nr. 26
2013;1438;judetul Cluj, municipiul Cluj-Napoca, Rasaritului, Strada, nr. 100, sc. 15
2013;1439;judetul Cluj, municipiul Cluj-Napoca, Strada Clinicilor, nr. 4-6
2013;1440;judetul Cluj, municipiul Cluj-Napoca, PiatA AVRAM IANCU, nr. 9, ap. 1
2013;1441;judetul Cluj, municipiul Cluj-Napoca, horea, nr. 21
2013;1442;judetul Cluj, municipiul Cluj-Napoca, Strada Macesului, nr. 58 J
2013;1443;judetul Cluj, municipiul Cluj-Napoca, BICAZ, nr. 12
2013;1444;judetul Cluj, municipiul Cluj-Napoca, VICTOR PAPILIAN , nr. 5
2013;1445;judetul Cluj, municipiul Cluj-Napoca, Strada Fântânele, nr. 7, bl. A, sc. 6
2013;1446;judetul Cluj, municipiul Cluj-Napoca, AZALEELOR, nr. 3
2013;1447;judetul Cluj, municipiul Cluj-Napoca, Strada Napoca, nr. 10
2013;1448;judetul Cluj, municipiul Cluj-Napoca, EmiL RACOVITA, nr. 23
2013;1449;judetul Cluj, municipiul Cluj-Napoca
2013;1450;judetul Cluj, municipiul Cluj-Napoca, BRASOV, nr. 33
2013;1451;judetul Cluj, municipiul Cluj-Napoca, MUNTENIEI
2013;1452;judetul Cluj, municipiul Cluj-Napoca
2013;1453;judetul Cluj, municipiul Cluj-Napoca, Strada Jiului
2013;1454;judetul Cluj, municipiul Cluj-Napoca, Strada Rosca D. D., nr. 43A
2013;1455;judetul Cluj, municipiul Cluj-Napoca, Vasile Lucaciu, Strada, nr. 27
2013;1456;judetul Cluj, municipiul Cluj-Napoca, Fagetului, Strada, nr. 5B
2013;1457;judetul Cluj, municipiul Cluj-Napoca, Strada Luchian Stefan, pictor, nr. 1
2013;1458;judetul Cluj, municipiul Cluj-Napoca, Trifoiului, Strada, nr. 33
2013;1459;judetul Cluj, municipiul Cluj-Napoca, MORICZ ZSIGMOND   , nr. 32
2013;1460;judetul Cluj, municipiul Cluj-Napoca, Strada Codrului, nr. 59B
2013;1461;judetul Cluj, municipiul Cluj-Napoca, Miko Imre,Strada, nr. 10
2013;1462;judetul Cluj, municipiul Cluj-Napoca, Strada Gaudi Antonio, nr. 44
2013;1463;judetul Cluj, municipiul Cluj-Napoca, Strada Portile de Fier, nr. 52
2013;1464;judetul Cluj, municipiul Cluj-Napoca, Strada Sarmisegetuza, nr. 17-21
2013;1465;judetul Cluj, municipiul Cluj-Napoca, Strada Ghibu Onisifor, nr. 20A
2013;1466;judetul Cluj, municipiul Cluj-Napoca, Alee Bâlea, nr. 11
2013;1467;judetul Cluj, municipiul Cluj-Napoca, Burebista
2013;1468;judetul Cluj, municipiul Cluj-Napoca, Aviator DARJAN, nr. 1
2013;1469;judetul Cluj, municipiul Cluj-Napoca, AndreI MURESANU, nr. 12, ap. 1 sI 2
2013;1470;judetul Cluj, municipiul Cluj-Napoca, Garoafelor nr.9, nr. 9
2013;1471;judetul Cluj, municipiul Cluj-Napoca, b-dul 21 DECEMBRIE , nr. 57, ap. 11
2013;1472;judetul Cluj, municipiul Cluj-Napoca, Strada Stelutei, nr. 10
2013;1473;judetul Cluj, municipiul Cluj-Napoca, IULIU MOLDOVAN , nr. 20
2013;1474;judetul Cluj, municipiul Cluj-Napoca, Miko Imre,Strada, nr. 10
2013;1475;judetul Cluj, municipiul Cluj-Napoca, BORHANCIULUI  NR. 31 PROVIZORIU
2013;1476;judetul Cluj, municipiul Cluj-Napoca, Teodoroiu Ecaterina, Strada, nr. 5, ap. 2
2013;1477;judetul Cluj, municipiul Cluj-Napoca, Strada Einstein Albert, nr. 9 A, ap. 2
2013;1478;judetul Cluj, municipiul Cluj-Napoca, TaCHE IONESCU, nr. 46
2013;1479;judetul Cluj, municipiul Cluj-Napoca, Ovidiu, Strada, nr. 16
2013;1480;judetul Cluj, municipiul Cluj-Napoca, Virgil Fulicea , nr. 7
2013;1481;judetul Cluj, municipiul Cluj-Napoca, Strada Macesului, nr. 13-15
2013;1482;judetul Cluj, municipiul Cluj-Napoca, Strada Macesului, nr. 13-15
2013;1483;judetul Cluj, municipiul Cluj-Napoca, Strada Macesului, nr. 13-16
2013;1484;judetul Cluj, municipiul Cluj-Napoca, Strada Kogalniceanu Mihail, nr. 16
2013;1485;judetul Cluj, municipiul Cluj-Napoca, Strada Maniu Iuliu, nr. 34
2013;1486;judetul Cluj, municipiul Cluj-Napoca, PETRU CREŢIA  NR. 3
2013;1487;judetul Cluj, municipiul Cluj-Napoca, Strada Trifoiului, nr. 106
2013;1488;judetul Cluj, municipiul Cluj-Napoca, Teo PETER , nr. 10
2013;1489;judetul Cluj, municipiul Cluj-Napoca, OasuluLUI, nr. 302
2013;1490;judetul Cluj, municipiul Cluj-Napoca, Manastur, Cale, nr. 13A
2013;1491;judetul Cluj, municipiul Cluj-Napoca, Strada Ladea Romul, nr. 104
2013;1492;judetul Cluj, municipiul Cluj-Napoca, PETRU CREŢIA  , nr. 3
2013;1493;judetul Cluj, municipiul Cluj-Napoca, Strada Zânelor, nr. 2D
2013;1494;judetul Cluj, municipiul Cluj-Napoca, Lacu Rosu, nr. 11, ap. 2
2013;1495;judetul Cluj, municipiul Cluj-Napoca, Strada Piatra Craiului, nr. 27/a
2013;1496;judetul Cluj, municipiul Cluj-Napoca, Strada Ignat Grigore, capitan, nr. 99-101
2013;1497;judetul Cluj, municipiul Cluj-Napoca, Teodor mihali, nr. 11
2013;1498;judetul Cluj, municipiul Cluj-Napoca, Strada Atelierului
2013;1499;judetul Cluj, municipiul Cluj-Napoca, MUSCEL, nr. 16
2013;1500;judetul Cluj, municipiul Cluj-Napoca, Strada Metalului
2013;1501;judetul Cluj, municipiul Cluj-Napoca, EXTRAVILAN, nr. FN
2013;1502;judetul Cluj, municipiul Cluj-Napoca, Strada Dâmbovitei, nr. 34
2013;1503;judetul Cluj, municipiul Cluj-Napoca, Strada Vlaicu Aurel, nr. 2, bl. 5A, sc. I-III
2013;1504;judetul Cluj, municipiul Cluj-Napoca, Strada Iorga Nicolae, nr. 31
2013;1506;judetul Cluj, municipiul Cluj-Napoca, Alee Slanic, nr. 2
2013;1507;judetul Cluj, municipiul Cluj-Napoca, Tisa, nr. 20
2013;1508;judetul Cluj, municipiul Cluj-Napoca, MESTERU MANOLE
2013;1509;judetul Cluj, municipiul Cluj-Napoca, Strada Strungarilor
2013;1510;judetul Cluj, municipiul Cluj-Napoca, Strada Pavel Dan, nr. 6
2013;1511;judetul Cluj, municipiul Cluj-Napoca, Strada Constantin Brâncoveanu, nr. 35, bl. O5
2013;1512;judetul Cluj, municipiul Cluj-Napoca, Louis Pasteur, nr. 78, bl. III J
2013;1513;judetul Cluj, municipiul Cluj-Napoca, Aleea Albastrelelor, nr. 3
2013;1514;judetul Cluj, municipiul Cluj-Napoca, Strada Bucegi, nr. 19
2013;1515;judetul Cluj, municipiul Cluj-Napoca, Stefan RUHA, nr. 5
2013;1516;judetul Cluj, municipiul Cluj-Napoca, stefan ruha, nr. 7
2013;1517;judetul Cluj, municipiul Cluj-Napoca, Anemonelor, nr. 25
2013;1518;judetul Cluj, municipiul Cluj-Napoca, PiatA AVRAM IANCU, nr. 19
2013;1519;judetul Cluj, municipiul Cluj-Napoca, Strada Aron Florian, nr. 5
2013;1520;judetul Cluj, municipiul Cluj-Napoca, Strada Ipatescu Ana, nr. 6
2013;1521;judetul Cluj, municipiul Cluj-Napoca, Strada Bolyai Janos, nr. 9
2013;1522;judetul Cluj, municipiul Cluj-Napoca, SFANTA VINERI, nr. 6
2013;1523;judetul Cluj, municipiul Cluj-Napoca, Strada Grozavescu Traian, nr. 13
2013;1524;judetul Cluj, municipiul Cluj-Napoca, Strada Lacu Rosu, nr. 11, ap. 15
2013;1525;judetul Cluj, municipiul Cluj-Napoca, Strada Mos Ion Roata, nr. 2
2013;1526;judetul Cluj, municipiul Cluj-Napoca, Cale Motilor, nr. 122
2013;1527;judetul Cluj, municipiul Cluj-Napoca, Colonia Sopor, nr. 32E prov
2013;1528;judetul Cluj, municipiul Cluj-Napoca, GRAULUI , nr. 27
2013;1529;judetul Cluj, municipiul Cluj-Napoca, Strada Kogalniceanu Mihail, nr. 1
2013;1530;judetul Cluj, municipiul Cluj-Napoca, Strada Aiudului
2013;1531;judetul Cluj, municipiul Cluj-Napoca, A.Vaida Voievod , nr. 80
2013;1532;judetul Cluj, municipiul Cluj-Napoca, Petru maior, nr. 15-19
2013;1533;judetul Cluj, municipiul Cluj-Napoca, Strada Byron G.G., nr. 11
2013;1534;judetul Cluj, municipiul Cluj-Napoca, Strada Byron G.G., nr. 11
2013;1535;judetul Cluj, municipiul Cluj-Napoca, Cale Turzii, nr. 178C
2013;1536;judetul Cluj, municipiul Cluj-Napoca, Alee Peana, nr. 10, bl. L7
2013;1537;judetul Cluj, municipiul Cluj-Napoca, EUGEN LOVINESCU, nr. 5C
2013;1538;judetul Cluj, municipiul Cluj-Napoca, Coposu Corneliu, Strada, nr. 100
2013;1539;judetul Cluj, municipiul Cluj-Napoca, Memorandumului, nr. 21
2013;1540;judetul Cluj, municipiul Cluj-Napoca, Strada Tebei, nr. 16
2013;1541;judetul Cluj, municipiul Cluj-Napoca, Cale Motilor, nr. 87
2013;1542;judetul Cluj, municipiul Cluj-Napoca, Alee Micus, nr. 4, bl. A8
2013;1543;judetul Cluj, municipiul Cluj-Napoca, brasov, nr. 2-4
2013;1544;judetul Cluj, municipiul Cluj-Napoca, Strada Albini Septimiu, nr. 139-141
2013;1545;judetul Cluj, municipiul Cluj-Napoca, Strada Nadasel, nr. 58
2013;1546;judetul Cluj, municipiul Cluj-Napoca, Strada Vasile Lupu, nr. 33, ap. II/2
2013;1547;judetul Cluj, municipiul Cluj-Napoca, VORONEŢ NR. 41 PROVIZORIU
2013;1548;judetul Cluj, municipiul Cluj-Napoca, Strada Donath, nr. 150C
2013;1549;judetul Cluj, municipiul Cluj-Napoca, Fagetului, nr. 8
2013;1550;judetul Cluj, municipiul Cluj-Napoca, Ionesco Eugen, Strada, nr. 49D
2013;1551;judetul Cluj, municipiul Cluj-Napoca, Strada Meteor, nr. 69-71
2013;1552;judetul Cluj, municipiul Cluj-Napoca, simeria , nr. 12
2013;1553;judetul Cluj, municipiul Cluj-Napoca, EDGAR QUINET , nr. 12
2013;1554;judetul Cluj, municipiul Cluj-Napoca, Strada Zamfirescu Duiliu, nr. 2A
2013;1555;judetul Cluj, municipiul Cluj-Napoca, Strada Meteor, nr. 69-71, bl. L3
2013;1556;judetul Cluj, municipiul Cluj-Napoca, Cale Dorobantilor, nr. 128
2013;1557;judetul Cluj, municipiul Cluj-Napoca, Strada Sighisoarei, nr. 45
2013;1558;judetul Cluj, municipiul Cluj-Napoca, Strada Muncitorilor, nr. 22, ap. 16
2013;1559;judetul Cluj, municipiul Cluj-Napoca, Strada Ionesco Eugen, nr. 85 prov
2013;1560;judetul Cluj, municipiul Cluj-Napoca, Strada Nadasel, nr. 22
2013;1561;judetul Cluj, municipiul Cluj-Napoca, b-dul EROILOR nr.4 ap.3, nr. 3
2013;1562;judetul Cluj, municipiul Cluj-Napoca, Strada Drumul Sfântul Ion, nr. 109A
2013;1563;judetul Cluj, municipiul Cluj-Napoca, Strada Drumul Sfântul Ion, nr. 109
2013;1564;judetul Cluj, municipiul Cluj-Napoca, Piata Muzeului, nr. 3, ap. 1,2,3
2013;1565;judetul Cluj, municipiul Cluj-Napoca, Strada Orzului, nr. 4
2013;1566;judetul Cluj, municipiul Cluj-Napoca, Strada Frunzisului, nr. 36
2013;1567;judetul Cluj, municipiul Cluj-Napoca, Strada Barc I, nr. 9A
2013;1568;judetul Cluj, municipiul Cluj-Napoca
2013;1569;judetul Cluj, municipiul Cluj-Napoca, Strada Garii, nr. 21
2013;1570;judetul Cluj, municipiul Cluj-Napoca, Strada Vlad Tepes, nr. 3
2013;1571;judetul Cluj, municipiul Cluj-Napoca, Traian Vuia, nr. 116
2013;1572;judetul Cluj, municipiul Cluj-Napoca, Sesului, Strada, nr. 23
2013;1573;judetul Cluj, municipiul Cluj-Napoca, str. Cojocnei, nr. 4, bl. T12, sc. VI, et. 2, ap. 55
2013;1574;judetul Cluj, municipiul Cluj-Napoca, Strada Tulcea, nr. 30
2013;1575;judetul Cluj, municipiul Cluj-Napoca, Calea Dorobantilor,, nr. 113, bl. 17, sc. 4, et. p
2013;1576;judetul Cluj, municipiul Cluj-Napoca, Constantin Brancusi, nr. 2, bl.  III B
2013;1577;judetul Cluj, municipiul Cluj-Napoca, str. Primaverii, nr. 11
2013;1578;judetul Cluj, municipiul Cluj-Napoca, Strada Republicii, nr. 7, ap. 2
2013;1579;judetul Cluj, municipiul Cluj-Napoca, Aleea ALBASTRELELOR , nr. 11-vila A
2013;1580;judetul Cluj, municipiul Cluj-Napoca, Aleea ALBASTRELELOR, nr. 5
2013;1581;judetul Cluj, municipiul Cluj-Napoca, Strada Iasomiei, nr. 1
2013;1582;judetul Cluj, municipiul Cluj-Napoca, C.BRANCUSI, nr. 117
2013;1583;judetul Cluj, municipiul Cluj-Napoca, Strada Paris, nr. 44-46, ap. 84
2013;1584;judetul Cluj, municipiul Cluj-Napoca, Luminii, nr. 11A
2013;1585;judetul Cluj, municipiul Cluj-Napoca, Strada Hasdeu Petriceicu Bogdan, nr. 115
2013;1586;judetul Cluj, municipiul Cluj-Napoca, Strada Fabricii de Zahar, nr. 9A
2013;1587;judetul Cluj, municipiul Cluj-Napoca, Strada Fabricii de Chibrituri, nr. 9-11
2013;1588;judetul Cluj, municipiul Cluj-Napoca, AleEA TISA, nr. 8
2013;1589;judetul Cluj, municipiul Cluj-Napoca,  BUNA ZIUA , nr. F.N.
2013;1590;judetul Cluj, municipiul Cluj-Napoca, Strada Horea, nr. 4, et. 2, ap. 17
2013;1591;judetul Cluj, municipiul Cluj-Napoca, Strada Burebista, nr. 12
2013;1592;judetul Cluj, municipiul Cluj-Napoca, Bulevard 1 Decembrie 1918, nr. 122
2013;1593;judetul Cluj, municipiul Cluj-Napoca, Strada Hossu Iuliu, cardinal, nr. 30-32
2013;1594;judetul Cluj, municipiul Cluj-Napoca, Strada Urcusului, nr. 1
2013;1595;judetul Cluj, municipiul Cluj-Napoca, Cale Dorobantilor, nr. 2-4
2013;1596;judetul Cluj, municipiul Cluj-Napoca, Cale Baciului, nr. 1-3
2013;1597;judetul Cluj, municipiul Cluj-Napoca, 21 Decembrie 1989, Bulevard, nr. 148, ap. 22A
2013;1598;judetul Cluj, municipiul Cluj-Napoca, Alee Stadionului, nr. 2
2013;1599;judetul Cluj, municipiul Cluj-Napoca, Strada Streiului, nr. 1
2013;1600;judetul Cluj, municipiul Cluj-Napoca, Strada Antipa Grigore, nr. 17A
2013;1601;judetul Cluj, municipiul Cluj-Napoca, Strada Baladei, nr. 2A
2013;1602;judetul Cluj, municipiul Cluj-Napoca, Calistrat Hogas, nr. 10
2013;1603;judetul Cluj, municipiul Cluj-Napoca, Voronet, nr. 19
2013;1604;judetul Cluj, municipiul Cluj-Napoca, Antim Ivireanu, nr. 11
2013;1605;judetul Cluj, municipiul Cluj-Napoca, Strada Partizanilor, nr. 118
2013;1606;judetul Cluj, municipiul Cluj-Napoca, ,     ALEEA GALA GALACTION NR. 9-15 PROVIZORIU
2013;1607;judetul Cluj, municipiul Cluj-Napoca, Bulevard Muncii, nr. 1-15
2013;1608;judetul Cluj, municipiul Cluj-Napoca, Strada Laterala, nr. 2
2013;1609;judetul Cluj, municipiul Cluj-Napoca, Antim Ivireanu, nr. 13
2013;1610;judetul Cluj, municipiul Cluj-Napoca, Strada Partizanilor, nr. 135
2013;1611;judetul Cluj, municipiul Cluj-Napoca, Hogas Calistrat, Alee, nr. 10
2013;1612;judetul Cluj, municipiul Cluj-Napoca, Strada Mihai Românu, nr. 25A prov
2013;1613;judetul Cluj, municipiul Cluj-Napoca, Alee Hogas Calistrat, nr. 14
2013;1614;judetul Cluj, municipiul Cluj-Napoca, Romul Ladea, nr. 25
2013;1615;judetul Cluj, municipiul Cluj-Napoca, Strada Frunzisului, nr. 106
2013;1616;judetul Cluj, municipiul Cluj-Napoca, Strada Regele Ferdinand, nr. 30, ap. 7
2013;1617;judetul Cluj, municipiul Cluj-Napoca, Strada Pasteur Louis, nr. 24, ap. 71
2013;1618;judetul Cluj, municipiul Cluj-Napoca, Strada Buzau, nr. 11, et. 4, ap. 19
2013;1619;judetul Cluj, municipiul Cluj-Napoca, Strada Luncii, nr. 19
2013;1620;judetul Cluj, municipiul Cluj-Napoca, Heltai Gaspar, Strada, nr. 60
2013;1621;judetul Cluj, municipiul Cluj-Napoca, Strada Doinei, nr. 85A
2013;1622;judetul Cluj, municipiul Cluj-Napoca, Strada Dâmbovitei, nr.  49A-51
2013;1623;judetul Cluj, municipiul Cluj-Napoca, Colonie Becas, nr. 2
2013;1624;judetul Cluj, municipiul Cluj-Napoca, Ana ASLAN, nr. 40
2013;1625;judetul Cluj, municipiul Cluj-Napoca, Calea Baciului, , nr. 45
2013;1626;judetul Cluj, municipiul Cluj-Napoca, Strada Trandafirilor
2013;1627;judetul Cluj, municipiul Cluj-Napoca, Strada Bega
2013;1628;judetul Cluj, municipiul Cluj-Napoca, Strada Veliciu Mihai, nr. 25
2013;1629;judetul Cluj, municipiul Cluj-Napoca, Doinei, nr. 54
2013;1630;judetul Cluj, municipiul Cluj-Napoca, Strada Eliade Mircea, nr. 36A
2013;1631;judetul Cluj, municipiul Cluj-Napoca, Cale Baciului, nr. 2E
2013;1632;judetul Cluj, municipiul Cluj-Napoca, Iuliu Merca, nr. 14
2013;1633;judetul Cluj, municipiul Cluj-Napoca, Strada Colinei, nr. 17
2013;1634;judetul Cluj, municipiul Cluj-Napoca, 21 Decembrie 1989, Bulevard, nr. 104, et. 6, ap. 9
2013;1635;judetul Cluj, municipiul Cluj-Napoca, Mikszath Kalman, Strada, nr. 37
2013;1636;judetul Cluj, municipiul Cluj-Napoca, Cale Turzii, nr. 178A
2013;1637;judetul Cluj, municipiul Cluj-Napoca, Bulevard 21 Decembrie 1989, nr. 126
2013;1638;judetul Cluj, municipiul Cluj-Napoca
2013;1639;judetul Cluj, municipiul Cluj-Napoca, Cernauti, nr. 17-21 provizoriu
2013;1640;judetul Cluj, municipiul Cluj-Napoca, Cernauti, nr. 17-21 provizoriu
2013;1641;judetul Cluj, municipiul Cluj-Napoca, CernaUTI, nr. 17-21
2013;1642;judetul Cluj, municipiul Cluj-Napoca, CernaUTI, nr. 17-21
2013;1643;judetul Cluj, municipiul Cluj-Napoca, Alee Gala Galaction, nr. 11
2013;1644;judetul Cluj, municipiul Cluj-Napoca, P-TA  UNIRII, nr. 16
2013;1645;judetul Cluj, municipiul Cluj-Napoca, Strada Tebei, nr. 20
2013;1646;judetul Cluj, municipiul Cluj-Napoca, Strada Câmpul Pâinii, nr. 3-5
2013;1647;judetul Cluj, municipiul Cluj-Napoca, SILVANIEI, nr. 12
2013;1648;judetul Cluj, municipiul Cluj-Napoca
2013;1649;judetul Cluj, municipiul Cluj-Napoca, Strada Lovinescu Eugen, nr. 5B prov.
2013;1650;judetul Cluj, municipiul Cluj-Napoca
2013;1651;judetul Cluj, municipiul Cluj-Napoca, Strada Muresului, nr. 11
2013;1652;judetul Cluj, municipiul Cluj-Napoca, Minervei, nr. 4
2013;1653;judetul Cluj, municipiul Cluj-Napoca, Strada Ladea Romul, nr. 27
2013;1654;judetul Cluj, municipiul Cluj-Napoca, Strada Ladea Romul, nr. 27
2013;1655;judetul Cluj, municipiul Cluj-Napoca, Strada Ladea Romul, nr. 27
2013;1656;judetul Cluj, municipiul Cluj-Napoca, Stefan Ruha, nr. 9
2013;1657;judetul Cluj, municipiul Cluj-Napoca, Strada Macesului, nr. 56K
2013;1658;judetul Cluj, municipiul Cluj-Napoca, SPINOASA, nr. 23A
2013;1659;judetul Cluj, municipiul Cluj-Napoca, DiNICU GOLESCU, nr. 9
2013;1660;judetul Cluj, municipiul Cluj-Napoca, Strada Ploiesti, nr. 9, ap. 1
2013;1661;judetul Cluj, municipiul Cluj-Napoca, EUGEN LOVINESCU, nr. 18
2013;1662;judetul Cluj, municipiul Cluj-Napoca, EUGEN LOVINESCU, nr. 18
2013;1663;judetul Cluj, municipiul Cluj-Napoca, Strada Artarului, nr. 33
2013;1664;judetul Cluj, municipiul Cluj-Napoca, Carpati, Strada, nr. 16
2013;1665;judetul Cluj, municipiul Cluj-Napoca, Strada Buzau, nr. 6
2013;1666;judetul Cluj, municipiul Cluj-Napoca, Colonia Borhanici, nr. 82A
2013;1667;judetul Cluj, municipiul Cluj-Napoca, Strada Partizanilor, nr. 24A
2013;1668;judetul Cluj, municipiul Cluj-Napoca, Strada Mihai Românu, nr. 27B
2013;1669;judetul Cluj, municipiul Cluj-Napoca, Capitan Grigore Ignat, nr. 40B
2013;1670;judetul Cluj, municipiul Cluj-Napoca, Strada Soimului, nr. 24
2013;1671;judetul Cluj, municipiul Cluj-Napoca, Theodor Pallady , nr. 3B
2013;1672;judetul Cluj, municipiul Cluj-Napoca, Stefan Luchian, nr. 23
2013;1673;
2013;1674;judetul Cluj, municipiul Cluj-Napoca, Constantin BRANCUSI, nr. 60
2013;1675;judetul Cluj, municipiul Cluj-Napoca, Strada Partizanilor, nr. 131
2013;1676;judetul Cluj, municipiul Cluj-Napoca, AntONIO GAUDI, NR.21, nr. 21
2013;1677;judetul Cluj, municipiul Cluj-Napoca
2013;1678;judetul Cluj, municipiul Cluj-Napoca
2013;1679;judetul Cluj, municipiul Cluj-Napoca
2013;1680;judetul Cluj, municipiul Cluj-Napoca
2013;1681;judetul Cluj, municipiul Cluj-Napoca
2013;1682;judetul Cluj, municipiul Cluj-Napoca