2015;195;Error: Request failed with status code 404
2015;196;Error: Request failed with status code 404
2015;197;Error: Request failed with status code 404
2015;258;Error: Request failed with status code 404
2015;259;Error: Request failed with status code 404
2015;422;Error: Request failed with status code 404
2015;731;Error: Request failed with status code 404
2015;825;Error: Request failed with status code 404
2015;1073;Error: Request failed with status code 404
2015;1330;Error: Request failed with status code 404
2015;1423;Error: Request failed with status code 404
2015;1452;Error: Request failed with status code 404
2015;1522;Error: Request failed with status code 404
2015;1523;Error: Request failed with status code 404